Zeitraum Start	Zeitraum Ende	OhdAb	Vorkommen	Normvarianten	Zunft	Gewerbe	Kommentare	Column 1	Column 2	Column 3	Column 4	Column 5	Column 6	Column 7	Column 8	Column 9	Column 10	Column 11	Column 12	Column 13	Column 14	Column 15	Column 16	Column 17	Column 18	Column 19	Column 20
1400	1700	https://database.factgrid.de/wiki/Item:Q673272	694	metzger;carnifer	Metzger	Nahrung																					
1400	1700	https://database.factgrid.de/wiki/Item:Q658152	603	rebmann;baumann;rebknecht;rebleute	Rebleuten	Landwirtschaft																					
1400	1700	https://database.factgrid.de/wiki/Item:Q672209	592	schuhmacher	Schuhmacher	Leder																					
1400	1700	https://database.factgrid.de/wiki/Item:Q671445	508	schneider	Schneider	Textil																					
1400	1700	https://database.factgrid.de/wiki/Item:Q683865	392	krämer	Safran	Handel																					
1400	1700	#gremper		gremper	Gartnern	Handel																					
1400	1700	https://database.factgrid.de/wiki/Item:Q694255	381	kaplan;Kaplan	Freie Berufe	Geistliche																					
1400	1700	https://database.factgrid.de/wiki/Item:Q661668	360	küfer;kübler;weinleger	Spinnwettern	Holz
1400	1700	#weinleger	0	weinleger	Weinleuten	Handel																					
1400	1700	https://database.factgrid.de/wiki/Item:Q690018	338	schaffner;Schaffner;pfleger	Verwaltung	Verwaltung																					
1400	1700	https://database.factgrid.de/wiki/Item:Q673053	292	brotbäcker	Brotbecken	Nahrung																					
1400	1700	https://database.factgrid.de/wiki/Item:Q684040	284	gewandmann;tuchmann;watmann	Schlüssel	Textil																					
1400	1700	https://database.factgrid.de/wiki/Item:Q685709	267	wirt	Gartnern	Nahrung																					
1400	1700	https://database.factgrid.de/wiki/Item:Q672966	254	müller;Müller;spitalmüller	Schmieden	Nahrung																					
1400	1700	https://database.factgrid.de/wiki/Item:Q671902	241	gerber	Gerber	Leder	Weissgerber bei Safran, nur sehr wenige?																				
1400	1700	https://database.factgrid.de/wiki/Item:Q675892	229	zimmermann;zimmerwerkmeister	Spinnwettern	Holz																					
1400	1700	https://database.factgrid.de/wiki/Item:Q658170	217	weinmann	Weinleuten	Handel	Könnten hiermit Weinhändler gemeint sein?																				
1400	1700	https://database.factgrid.de/wiki/Item:Q665680	216	messerschmied	Schmieden	Metall																					
1400	1700	https://database.factgrid.de/wiki/Item:Q699092	186	goldschmied	Hausgenossen	Metall																					
1400	1700	https://database.factgrid.de/wiki/Item:Q692959	183	barbier;scherer	Goldener Stern	Hygiene																					
1400	1700	https://database.factgrid.de/wiki/Item:Q672375	167	kürschner	Kürschner	Leder																					
1400	1700	https://database.factgrid.de/wiki/Item:Q665112	157	schlosser	Schmieden	Metall																					
1400	1700	https://database.factgrid.de/wiki/Item:Q672052	148	sattler;reitsattler	Himmel	Leder																					
1400	1700	https://database.factgrid.de/wiki/Item:Q694308	147	kirchherr;leuthpriester;pfarrer	Freie Berufe	Geistliche																					
1400	1700	https://database.factgrid.de/wiki/Item:Q674754	143	maurer	Spinnwettern	Steine																					
1400	1700	https://database.factgrid.de/wiki/Item:Q682539	143	kaufmann;kauf- und handelsmann;kaufleute	Schlüssel	Handel																					
1400	1700	https://database.factgrid.de/wiki/Item:Q662947	139	buchdrucker;truckerherr	Safran	Papier																					
1400	1700	https://database.factgrid.de/wiki/Item:Q661369 https://database.factgrid.de/wiki/Item:Q661466	135	tischmacher	Spinnwettern	Holz																					
1400	1700	https://database.factgrid.de/wiki/Item:Q657955	120	fischer	Fischern	Nahrung																					
1400	1700	https://database.factgrid.de/wiki/Item:Q665096	119	schmied	Schmieden	Metall																					
1400	1700	https://database.factgrid.de/wiki/Item:Q663907	119	kannengiesser;hafengiesser;kantengiesser;zinngiesser	Hausgenossen	Metall																					
1400	1453	https://database.factgrid.de/wiki/Item:Q670413	117	wollweber;grautucher	Rebleuten	Textil																					
1453	1506	https://database.factgrid.de/wiki/Item:Q670413	117	wollweber;grautucher	Schlüssel	Textil																					
1506	1700	https://database.factgrid.de/wiki/Item:Q670413	117	wollweber;grautucher	Weber	Textil																					
1400	1700	https://database.factgrid.de/wiki/Item:Q670454	111	tuchscherer	Schlüssel	Textil																					
1400	1700	https://database.factgrid.de/wiki/Item:Q662991	111	drucker	Safran	Papier																					
1400	1700	https://database.factgrid.de/wiki/Item:Q661667	110	wagner	Spinnwettern	Holz																					
1400	1700	https://database.factgrid.de/wiki/Item:Q660037	109	steinmetz	Spinnwettern	Steine																					
1400	1700	https://database.factgrid.de/wiki/Item:Q662125	109	papierer;Papierer;Papiererknecht	Safran	Papier																					
1400	1700	https://database.factgrid.de/wiki/Item:Q683545	107	handelsmann	Schlüssel	Handel																					
1400	1700	https://database.factgrid.de/wiki/Item:Q686078	104	rat	Politisches Amt	Politisches Amt																					
1400	1700	https://database.factgrid.de/wiki/Item:Q657705	101	hufschmied	Schmieden	Metall																					
1400	1700	https://database.factgrid.de/wiki/Item:Q675617	98	maler	Himmel	Papier																					
1400	1700	https://database.factgrid.de/wiki/Item:Q680995	96	schiffmann	Schiffleuten	Verkehr																					
1400	1700	https://database.factgrid.de/wiki/Item:Q690014	95	vogt;Stadtgerichtsvogt	Verwaltung	Verwaltung																					
1400	1700	https://database.factgrid.de/wiki/Item:Q694275	93	priester	Freie Berufe	Geistliche																					
1400	1700	https://database.factgrid.de/wiki/Item:Q657722	91	karrer	Gartnern	Verkehr																					
1400	1700	https://database.factgrid.de/wiki/Item:Q681655	91	bader	Goldener Stern	Hygiene																					
1400	1700	https://database.factgrid.de/wiki/Item:Q670653	87	seiler	Gartnern	?																					
1400	1700	https://database.factgrid.de/wiki/Item:Q658689	87	gärtner	Gartnern	Landwirtschaft																					
1400	1700	https://database.factgrid.de/wiki/Item:Q671397	85	hutmacher	Safran	Textil																					
1400	1700	https://database.factgrid.de/wiki/Item:Q693351	85	bartscherer	Goldener Stern	Hygiene																					
1400	1700	https://database.factgrid.de/wiki/Item:Q693060	82	apotheker	Safran	Handel																					
1400	1700	https://database.factgrid.de/wiki/Item:Q690006	79	Amtmann;amtmann	Verwaltung	Verwaltung																					
1400	1700	https://database.factgrid.de/wiki/Item:Q683559	78	kramer	Safran	Handel																					
1400	1700	https://database.factgrid.de/wiki/Item:Q686092	77	alt-schultheiss;schultheiss;stadt-schultheiss	Politisches Amt	Politisches Amt																					
1400	1700	https://database.factgrid.de/wiki/Item:Q675971	77	glaser	Himmel	Steine																					
1400	1700	https://database.factgrid.de/wiki/Item:Q689885	76	ratsschreiber;stadtschreiber	Freie Berufe	Schreiber																					
1400	1700	https://database.factgrid.de/wiki/Item:Q687143	76	schreiber;Schreiber;pfalzhausschreiber;salzhausschreiber;salzschreiber	Freie Berufe	Schreiber																					
1400	1700	https://database.factgrid.de/wiki/Item:Q693978	75	knecht;diener;kaufhausknecht;oberster ratknecht;ratsknecht;steinknecht	Verwaltung	Verwaltung																					
1400	1700	https://database.factgrid.de/wiki/Item:Q663193	71	buchbinder	Safran	Papier																					
1400	1700	https://database.factgrid.de/wiki/Item:Q672169	70	säckler	Safran	Leder																					
1400	1700	https://database.factgrid.de/wiki/Item:Q671972	66	weissgerber	Safran	Leder																					
1400	1700	#träger	64	träger																							
1400	1700	https://database.factgrid.de/wiki/Item:Q689159	63	Prokurator;prokurator	Freie Berufe	Rechtswesen																					
1400	1700	https://database.factgrid.de/wiki/Item:Q698996	63	gürtler	Safran	Leder																					
1400	1700	https://database.factgrid.de/wiki/Item:Q676324	60	spengler	Safran	Metall																					
1400	1700	https://database.factgrid.de/wiki/Item:Q679188	59	kornmesser	Brotbecken	Nahrung																					
1400	1700	https://database.factgrid.de/wiki/Item:Q694797	59	prediger;prädikant;verkünder;verkünder des göttlichen worts	Freie Berufe	Geistliche																					
1400	1700	https://database.factgrid.de/wiki/Item:Q657757	54	fuhrmann;einspänniger;gutferger;wagenmann	Gartnern	Verkehr																					
1400	1700	https://database.factgrid.de/wiki/Item:Q673975	54	koch	Gartnern	Nahrung																					
1400	1700	https://database.factgrid.de/wiki/Item:Q687724	53	wechsler;stadtwechsler	Hausgenossen	Handel																					
1400	1700	#arznei-doktor	52	arznei-doktor	Goldener Stern	Hygiene																					
1400	1700	https://database.factgrid.de/wiki/Item:Q689064	44	notar	Freie Berufe	Gelehrte																					
1400	1700	https://database.factgrid.de/wiki/Item:Q659999	44	ziegler	Spinnwettern	Steine																					
1400	1700	https://database.factgrid.de/wiki/Item:Q686058	44	alt-bürgermeister;bürgermeister	Politisches Amt	Politisches Amt																					
1400	1700	#oberster zunftmeister	43	oberster zunftmeister	Zunftamt	Zunftamt																					
1400	1700	https://database.factgrid.de/wiki/Item:Q661708	42	schindler	Spinnwettern	Holz																					
1400	1700	https://database.factgrid.de/wiki/Item:Q694926	40	probst	Freie Berufe	Geistliche																					
1400	1700	https://database.factgrid.de/wiki/Item:Q662313	39	buchsetzer;buchstabensetzer;schriftsetzer;setzer	Safran	Papier	Safran nur Vermutung																				
1400	1700	https://database.factgrid.de/wiki/Item:Q659206	36	schleifer	Schmieden	Metall																					
1400	1700	https://database.factgrid.de/wiki/Item:Q684777	36	gewürzkrämer;spezierer	Safran	Handel																					
1400	1700	https://database.factgrid.de/wiki/Item:Q665410	35	kessler	Schmieden	Metall																					
1400	1700	https://database.factgrid.de/wiki/Item:Q650570	34	stattsoldner;söldner	Andere	Militär																					
1400	1700	https://database.factgrid.de/wiki/Item:Q696187	34	Lehrer beider Rechte;ansässiger universitätsprofessor;professor	Freie Berufe	Gelehrte																					
1400	1700	https://database.factgrid.de/wiki/Item:Q673050	34	bäcker;hausfeurer;mutschellenmacher	Brotbecken	Nahrung																					
1400	1700	https://database.factgrid.de/wiki/Item:Q665186	34	sporer	Himmel	Metall																					
1400	1700	https://database.factgrid.de/wiki/Item:Q671979	33	rotgerber	Gerber	Leder																					
1400	1700	https://database.factgrid.de/wiki/Item:Q672271	32	schuster	Schuhmacher	Leder																					
1400	1700	https://database.factgrid.de/wiki/Item:Q673654	31	sieder	Safran	Nahrung																					
1400	1700	https://database.factgrid.de/wiki/Item:Q673383 https://database.factgrid.de/wiki/Item:Q685963 https://database.factgrid.de/wiki/Item:Q690016	30	meier	Verwaltung	Verwaltung																					
1400	1700	https://database.factgrid.de/wiki/Item:Q665748	30	waffenschmied	Schmieden	Metall																					
1400	1700	https://database.factgrid.de/wiki/Item:Q665774	29	schwertfeger	Schmieden	Metall																					
1400	1700	https://database.factgrid.de/wiki/Item:Q662114	28	papiermacher	Safran	Papier																					
1400	1700	https://database.factgrid.de/wiki/Item:Q659227	28	stampfer	Gartnern	?																					
1400	1700	https://database.factgrid.de/wiki/Item:Q684734	28	fischkäufer;fischverkäufer	Fischern	Nahrung																					
1400	1700	https://database.factgrid.de/wiki/Item:Q693199	28	spitalmeister	Verwaltung	Verwaltung																					
1400	1700	#meister	28	meister																							
1400	1700	https://database.factgrid.de/wiki/Item:Q670326	28	leinenweber	Weber	Textil																					
1400	1700	https://database.factgrid.de/wiki/Item:Q672327	26	nestler	Safran	Leder																					
1400	1700	https://database.factgrid.de/wiki/Item:Q664830	25	münzmeister	Hausgenossen	Metall																					
1400	1700	https://database.factgrid.de/wiki/Item:Q673153	25	weissbeck	Brotbecken	Nahrung																					
1400	1700	https://database.factgrid.de/wiki/Item:Q688892	24	gerichtsschreiber	Freie Berufe	Schreiber																					
1400	1700	https://database.factgrid.de/wiki/Item:Q676893	23	kupferschmied	Schmieden	Metall																					
1400	1700	#werkmeister	23	werkmeister	Verwaltung	Verwaltung																					
1400	1700	https://database.factgrid.de/wiki/Item:Q681419	22	torwart;torwächter	Gartnern	Sicherheit																					
1400	1700	https://database.factgrid.de/wiki/Item:Q684490	22	eisenhändler;eisenkrämer	Safran	Handel																					
1400	1700	https://database.factgrid.de/wiki/Item:Q683547	22	stadtkäufer																							
1400	1700	https://database.factgrid.de/wiki/Item:Q657331	21	berger;schäfer	Andere	Landwirtschaft																					
1400	1700	#lohnherr	21	lohnherr	Verwaltung	Verwaltung																					
1400	1700	https://database.factgrid.de/wiki/Item:Q694943	21	domherr	Freie Berufe	Geistliche																					
1400	1700	https://database.factgrid.de/wiki/Item:Q650849	20	wachtmeister	Verwaltung	Verwaltung																					
1400	1700	https://database.factgrid.de/wiki/Item:Q670136	20	schürlezweber	Weber	Textil																					
1400	1700	https://database.factgrid.de/wiki/Item:Q650749	20	edelknecht	Andere	Militär																					
1400	1700	https://database.factgrid.de/wiki/Item:Q694691	20	pfründner																							
1400	1700		19	buchführer	Safran	Handel																					
1400	1700	https://database.factgrid.de/wiki/Item:Q688461		buchverwalter;rechenmeister	Freie Berufe	Schreiber																					
1400	1700	https://database.factgrid.de/wiki/Item:Q670306	19	harnischer	Schmieden	Metall																					
1400	1700	https://database.factgrid.de/wiki/Item:Q695208	18	schulherr;schulmeister	Freie Berufe	Gelehrte																					
1400	1700	https://database.factgrid.de/wiki/Item:Q664523	18	dreher	Spinnwettern	Holz																					
1400	1700	https://database.factgrid.de/wiki/Item:Q683946	18	kaufherr	Schlüssel	Handel																					
1400	1700	#zunftmeister	18	zunftmeister	Zunftamt	Zunftamt																					
1400	1700	https://database.factgrid.de/wiki/Item:Q697238	18	magister der freien künste	Freie Berufe	Gelehrte																					
1400	1700	#armbruster	18	armbruster	Schmieden	Metall																					
1400	1700	https://database.factgrid.de/wiki/Item:Q663649	18	gufenmacher;nadler	Safran	Textil																					
1400	1700	https://database.factgrid.de/wiki/Item:Q685728	18	weinschenk	Weinleuten	Nahrung																					
1400	1700	https://database.factgrid.de/wiki/Item:Q661191	17	säger	Spinnwettern	Holz																					
1400	1700	https://database.factgrid.de/wiki/Item:Q679463	17	gerichtsbote	Verwaltung	Boten																					
1400	1700	https://database.factgrid.de/wiki/Item:Q672282	17	schuhflicker	Schuhmacher	Leder																					
1400	1700	https://database.factgrid.de/wiki/Item:Q694805	17	chorherr	Freie Berufe	Geistliche																					
1400	1700	https://database.factgrid.de/wiki/Item:Q681423	17	hüter;torhüter;wachtknecht;wächter	Gartnern	Sicherheit																					
1400	1700	#doktor	16	doktor	Freie Berufe	Gelehrte																					
1400	1700	https://database.factgrid.de/wiki/Item:Q670876	16	färber	Weber	Textil																					
1400	1700	https://database.factgrid.de/wiki/Item:Q684069	16	seidenhändler;seidenkrämer	Safran	Handel																					
1400	1700	https://database.factgrid.de/wiki/Item:Q687041	16	kornschreiber	Freie Berufe	Schreiber																					
1400	1700	https://database.factgrid.de/wiki/Item:Q687127	16	spitalschreiber	Freie Berufe	Schreiber																					
1400	1700	https://database.factgrid.de/wiki/Item:Q671995	16	lederbereiter	Safran	Leder																					
1400	1700	https://database.factgrid.de/wiki/Item:Q673114	15	lebküchler	Safran	Nahrung																					
1400	1700	https://database.factgrid.de/wiki/Item:Q673264	15	kuttler																							
1400	1700	https://database.factgrid.de/wiki/Item:Q690959	14	kämmerer																							
1400	1700	https://database.factgrid.de/wiki/Item:Q683918	14	zinsmeister	Verwaltung	Verwaltung																					
1400	1700	https://database.factgrid.de/wiki/Item:Q698531	14	kartenmaler	Safran	Papier																					
1400	1700	https://database.factgrid.de/wiki/Item:Q691168	13	Obervogt;obervogt	Verwaltung	Verwaltung																					
1400	1700	https://database.factgrid.de/wiki/Item:Q673183	13	pfister;pistor	Brotbecken	Nahrung																					
1400	1700	#hofmann	13	hofmann																							
1400	1700	https://database.factgrid.de/wiki/Item:Q670371	13	hosenlismer;hosenstricker	Safran	Textil																					
1400	1700	#birsmeister	12	birsmeister	Verwaltung	Verwaltung																					
1400	1700	https://database.factgrid.de/wiki/Item:Q665971 https://database.factgrid.de/wiki/Item:Q665645	12	büchsenschmied	Schmieden	Metall																					
1400	1700	https://database.factgrid.de/wiki/Item:Q671489	12	barettmacher	Safran	Textil																					
1400	1700	https://database.factgrid.de/wiki/Item:Q682120	12	weinrufer	Weinleuten	Nahrung																					
1400	1700	https://database.factgrid.de/wiki/Item:Q692348	12	arzt	Goldener Stern	Hygiene																					
1400	1700	https://database.factgrid.de/wiki/Item:Q689451	12	stadtgerichts-beisitzer	Politisches Amt	Politisches Amt																					
1400	1700	#ringler	12	ringler	Safran	Metall																					
1400	1700	#weinmesser	12	weinmesser	Weinleuten	Handel																					
1400	1700	https://database.factgrid.de/wiki/Item:Q672166	12	taschenmacher	Safran	Leder																					
1400	1700	#kummetsattler	11	kummetsattler	Himmel	Leder																					
1400	1700	https://database.factgrid.de/wiki/Item:Q690550	11	zoller	Verwaltung	Verwaltung																					
1400	1700	https://database.factgrid.de/wiki/Item:Q693435	11	totengräber	Verwaltung	Verwaltung																					
1400	1700	https://database.factgrid.de/wiki/Item:Q698401	11	bildhauer	Spinnwettern	Steine																					
1400	1700	https://database.factgrid.de/wiki/Item:Q663882	11	rotgiesser	Safran	Metall																					
1400	1700	https://database.factgrid.de/wiki/Item:Q661679	11	fassbinder	Spinnwettern	Holz																					
1400	1700	https://database.factgrid.de/wiki/Item:Q692634	10	stadtarzt	Goldener Stern	Hygiene																					
1400	1700	https://database.factgrid.de/wiki/Item:Q694463	10	diakon;erzdiakon	Freie Berufe	Geistliche																					
1400	1700	https://database.factgrid.de/wiki/Item:Q674827	10	schindeldecker	Spinnwettern	Holz																					
1400	1700	https://database.factgrid.de/wiki/Item:Q689888	10	unterschreiber	Freie Berufe	Schreiber																					
1400	1700	https://database.factgrid.de/wiki/Item:Q663824	10	glockengiesser	Hausgenossen	Metall																					
1400	1700	https://database.factgrid.de/wiki/Item:Q672272	10	sohlenmacher																							
1400	1700	#strehlmacher	10	strehlmacher																							
1400	1700	https://database.factgrid.de/wiki/Item:Q694723	10	sigrist	Verwaltung	Verwaltung																					
1400	1700	https://database.factgrid.de/wiki/Item:Q665971	10	büchsenmeister	Schmieden	Metall																					
1400	1700	https://database.factgrid.de/wiki/Item:Q687333	10	oberschreiber	Freie Berufe	Schreiber																					
1400	1700	#weidlingmacher	10	weidlingmacher																							
1400	1700	https://database.factgrid.de/wiki/Item:Q657334	10	hirte;viehhirte	Andere	Landwirtschaft																					
1400	1700	https://database.factgrid.de/wiki/Item:Q687512	10	Korrektor	Freie Berufe	Gelehrte																					
1400	1700	https://database.factgrid.de/wiki/Item:Q694796	9	offizial	Verwaltung	Verwaltung																					
1400	1700	#plattharnischer	9	plattharnischer	Schmieden	Metall																					
1400	1700	https://database.factgrid.de/wiki/Item:Q660198	9	salzherr	Verwaltung	Verwaltung																					
1400	1700	https://database.factgrid.de/wiki/Item:Q689743	9	gerichtsknecht	Verwaltung	Verwaltung																					
1400	1700	https://database.factgrid.de/wiki/Item:Q691555	9	Ritter;ritter	Hohe Stube	Adel	Unvollständige Aufzählung, da meist als Titel markiert und daher rausgefiltert!																				
1400	1700	#junker	0	junker;Junker	Hohe Stube	Adel
1400	1700	https://database.factgrid.de/wiki/Item:Q661292	9	formenschneider																							
1400	1700	#locher	9	locher																							
1400	1700	https://database.factgrid.de/wiki/Item:Q694923	9	dekan	Freie Berufe	Gelehrte																					
1400	1700	https://database.factgrid.de/wiki/Item:Q673119	9	pastetenbäcker;pastetenmacher	Gartnern	Nahrung																					
1400	1700	https://database.factgrid.de/wiki/Item:Q663665 https://database.factgrid.de/wiki/Item:Q661715	8	wannenmacher	Spinnwettern	Metall																					
1400	1700	#karrensalber	8	karrensalber	Gartnern	Verkehr																					
1400	1700	https://database.factgrid.de/wiki/Item:Q675040	8	besetzer	Spinnwettern	Holz																					
1400	1700	#buchstabengiesser	8	buchstabengiesser	Hausgenossen	Metall																					
1400	1700	#bischof	8	bischof	Freie Berufe	Geistliche																					
1400	1700	https://database.factgrid.de/wiki/Item:Q681783	8	turmherr	Freie Berufe	Geistliche																					
1400	1700	https://database.factgrid.de/wiki/Item:Q698887	8	glasmaler	Himmel	Glas																					
1400	1700	https://database.factgrid.de/wiki/Item:Q671952	8	permenter	Safran	Papier																					
1400	1700	https://database.factgrid.de/wiki/Item:Q670169	8	lismer	Safran	Textil																					
1400	1700	https://database.factgrid.de/wiki/Item:Q661466	8	schreiner	Spinnwettern	Holz																					
1400	1700	https://database.factgrid.de/wiki/Item:Q663826	8	schriftgiesser	Hausgenossen	Metall																					
1400	1700	https://database.factgrid.de/wiki/Item:Q690013	7	untervogt	Verwaltung	Verwaltung																					
1400	1700	https://database.factgrid.de/wiki/Item:Q694938	7	domprobst	Freie Berufe	Geistliche																					
1400	1700	https://database.factgrid.de/wiki/Item:Q670244	7	passamenter	Weber	Textil																					
1400	1700	https://database.factgrid.de/wiki/Item:Q694535	7	klosterfrau	Andere	Geistliche																					
1400	1700	https://database.factgrid.de/wiki/Item:Q660083	7	steinschneider	Spinnwettern	Steine																					
1400	1700	#lehrmeister	7	lehrmeister																							
1400	1700	https://database.factgrid.de/wiki/Item:Q660160 https://database.factgrid.de/wiki/Item:Q660160	7	salzmeister	Verwaltung	Verwaltung																					
1400	1700	https://database.factgrid.de/wiki/Item:Q661670	7	stellmacher	Spinnwettern	Holz																					
1400	1700	https://database.factgrid.de/wiki/Item:Q676703	7	brunnenknecht	Verwaltung	Verwaltung																					
1400	1700	#wegmeister	7	wegmeister	Verwaltung	Verwaltung																					
1400	1700	#zapfengiesser	7	zapfengiesser	Hausgenossen	Metall	Zunft nur vermutet																				
1400	1700	#stubenschaber	7	stubenschaber																							
1400	1700	https://database.factgrid.de/wiki/Item:Q672289	7	holzschuhmacher	Schmieden	Holz																					
1400	1700	https://database.factgrid.de/wiki/Item:Q694587	7	prior	Freie Berufe	Geistliche																					
1400	1700	https://database.factgrid.de/wiki/Item:Q272439	7	Komtur	Freie Berufe	Geistliche																					
1400	1700	https://database.factgrid.de/wiki/Item:Q682051	6	nachrichter	Verwaltung	Bote																					
1400	1700	https://database.factgrid.de/wiki/Item:Q674398	6	baumeister	Unbekannt	Bau																					
1400	1610	https://database.factgrid.de/wiki/Item:Q670155	6	samtweber	Safran	Textil																					
1611	1700	https://database.factgrid.de/wiki/Item:Q670155		samtweber	Weber	Textil																					
1400	1700	https://database.factgrid.de/wiki/Item:Q670936	6	seidensticker	Schneider	Textil																					
1400	1700	https://database.factgrid.de/wiki/Item:Q684157	6	silberkrämer	Safran	Handel																					
1400	1700	https://database.factgrid.de/wiki/Item:Q663183	6	guternmacher																							
1400	1700	https://database.factgrid.de/wiki/Item:Q663128	6	druckergeselle	Safran	Papier																					
1400	1700	https://database.factgrid.de/wiki/Item:Q670850	6	walker	Unbekannt	Textil																					
1400	1700	#spanner	5	spanner																							
1400	1700	https://database.factgrid.de/wiki/Item:Q673117	5	oblatenbäcker	Freie Berufe	Nahrung																					
1400	1700	#ackermeister	5	ackermeister	Verwaltung	Verwaltung																					
1400	1700	https://database.factgrid.de/wiki/Item:Q692636	5	wundarzt	Goldener Stern	Hygiene																					
1400	1700	#siebmacher	5	siebmacher	Spinnwettern	Metall																					
1400	1700	https://database.factgrid.de/wiki/Item:Q700174	5	frauenwirt	Andere	Dienstleistungen																					
1400	1700	#pulverstampfer	5	pulverstampfer																							
1400	1700	https://database.factgrid.de/wiki/Item:Q681490	5	turmbläser																							
1400	1700	https://database.factgrid.de/wiki/Item:Q675408	5	brunnenmeister	Verwaltung	Verwaltung																					
1400	1700	https://database.factgrid.de/wiki/Item:Q689939	5	landschreiber	Freie Berufe	Schreiber																					
1400	1700	https://database.factgrid.de/wiki/Item:Q698520	5	briefmaler	Safran	Papier	Zunft vermutet																				
1400	1700	https://database.factgrid.de/wiki/Item:Q657304	5	stallknecht	Andere	Dienstleistungen																					
1400	1700	https://database.factgrid.de/wiki/Item:Q672671	5	weinbrenner	Weinleuten	Nahrung	Zunft vermutet																				
1400	1700	https://database.factgrid.de/wiki/Item:Q699740	5	pfeifer	Andere	Holz																					
1400	1700	https://database.factgrid.de/wiki/Item:Q665212	5	scheidenmacher	Safran	Leder																					
1400	1700	https://database.factgrid.de/wiki/Item:Q684981	5	buchhändler;buchträger	Safran	Papier																					
1400	1700	https://database.factgrid.de/wiki/Item:Q699087	5	goldschlager	Himmel	Metall																					
1400	1700	https://database.factgrid.de/wiki/Item:Q692234	5	hebamme	Andere	Hygiene																					
1400	1700	https://database.factgrid.de/wiki/Item:Q694000	4	hausknecht;stubenknecht	Andere	Dienstleistungen																					
1400	1700	https://database.factgrid.de/wiki/Item:Q685918	4	Erbschenk	Politisches Amt	Adel																					
1400	1700	https://database.factgrid.de/wiki/Item:Q694588	4	abt	Freie Berufe	Geistliche																					
1400	1700	https://database.factgrid.de/wiki/Item:Q695081	4	schuldiener	Andere	Dienstleistungen																					
1400	1700	https://database.factgrid.de/wiki/Item:Q691184	4	statthalter																							
1400	1700	https://database.factgrid.de/wiki/Item:Q651094	4	pflasterknecht	Spinnwettern	Steine	Zunft vermutet																				
1400	1700	#hofmeister	4	hofmeister																							
1400	1700	https://database.factgrid.de/wiki/Item:Q663692	4	hammerschmied	Schmieden	Metall																					
1400	1700	https://database.factgrid.de/wiki/Item:Q676158	4	glöckner	Andere	Dienstleistungen																					
1400	1700	#alt-zunftmeister	4	alt-zunftmeister	Zunftamt	Zunftamt																					
1400	1700	https://database.factgrid.de/wiki/Item:Q679421	4	ratsbote	Andere	Boten																					
1400	1700	https://database.factgrid.de/wiki/Item:Q695214	4	regent																							
1400	1700	https://database.factgrid.de/wiki/Item:Q699861	4	sänger																							
1400	1700	https://database.factgrid.de/wiki/Item:Q699708	4	organist																							
1400	1700	#almosenschaffner	4	almosenschaffner	Verwaltung	Verwaltung																					
1400	1700	#herr	4	herr																							
1400	1700	#flösser	4	flösser																							
1400	1700	https://database.factgrid.de/wiki/Item:Q664354	3	münzer																							
1400	1700	https://database.factgrid.de/wiki/Item:Q673802	3	mühlenmeister																							
1400	1700	#ladenherren	3	ladenherren																							
1400	1700	#alt oberster zunftmeister	3	alt oberster zunftmeister																							
1400	1700	https://database.factgrid.de/wiki/Item:Q651134 https://database.factgrid.de/wiki/Item:Q659014	3	oberknecht																							
1400	1700	https://database.factgrid.de/wiki/Item:Q670892	3	schwarzfärber																							
1400	1700	https://database.factgrid.de/wiki/Item:Q520952	3	alt-wirt																							
1400	1700	https://database.factgrid.de/wiki/Item:Q684055	3	mützenkrämer																							
1400	1700	https://database.factgrid.de/wiki/Item:Q665580	3	zirkelschmied																							
1400	1700	#magister	3	magister																							
1400	1700	#helfer	3	helfer																							
1400	1700	https://database.factgrid.de/wiki/Item:Q661246	3	leistenmacher																							
1400	1700	https://database.factgrid.de/wiki/Item:Q689344	3	bergrichter																							
1400	1700	Schaffner	3	Flachslanderschaffner																							
1400	1700	https://database.factgrid.de/wiki/Item:Q659231	3	giesser																							
1400	1700	https://database.factgrid.de/wiki/Item:Q695165	3	Lehrmeister																							
1400	1700	https://database.factgrid.de/wiki/Item:Q698672	3	kerzenmacher																							
1400	1700	Q674753	2	Maurerknecht																							
1400	1700	https://database.factgrid.de/wiki/Item:Q684192	2	papierhändler																							
1400	1700	https://database.factgrid.de/wiki/Item:Q690167	2	bettelvogt																							
1400	1700	https://database.factgrid.de/wiki/Item:Q661324	2	kistenmacher																							
1400	1700	#bruchschneider	2	bruchschneider																							
1400	1700	https://database.factgrid.de/wiki/Item:Q672273	2	sohlenschneider																							
1400	1700	#pastor	2	pastor																							
1400	1700	https://database.factgrid.de/wiki/Item:Q671506	2	hosenmacher																							
1400	1700	#eingiesser	2	eingiesser																							
1400	1700	https://database.factgrid.de/wiki/Item:Q690012	2	landvogt																							
1400	1700	https://database.factgrid.de/wiki/Item:Q672965	2	müllerknecht																							
1400	1700	#gewandschmied	2	gewandschmied																							
1400	1700	https://database.factgrid.de/wiki/Item:Q658220	2	holzmann																							
1400	1700	https://database.factgrid.de/wiki/Item:Q684756	2	fischmacher																							
1400	1700	https://database.factgrid.de/wiki/Item:Q698606	2	drechsler																							
1400	1700	https://database.factgrid.de/wiki/Item:Q699494	2	orgelmacher																							
1400	1700	#ratsredner	2	ratsredner																							
1400	1700	https://database.factgrid.de/wiki/Item:Q666787	2	schlossermeister																							
1400	1700	https://database.factgrid.de/wiki/Item:Q675609	2	flachmaler																							
1400	1700	https://database.factgrid.de/wiki/Item:Q699726	2	trompeter																							
1400	1700	https://database.factgrid.de/wiki/Item:Q658495	2	vogler																							
1400	1700	#augustinerschaffner	2	augustinerschaffner																							
1400	1700	#spiessmacher	2	spiessmacher																							
1400	1700	https://database.factgrid.de/wiki/Item:Q679849	2	rüstmeister																							
1400	1700	https://database.factgrid.de/wiki/Item:Q691672	2	provisor																							
1400	1700	https://database.factgrid.de/wiki/Item:Q674585	2	kartenmacher																							
1400	1700	https://database.factgrid.de/wiki/Item:Q699394	2	lautenmacher																							
1400	1700	https://database.factgrid.de/wiki/Item:Q685653	2	kronenwirt																							
1400	1700	https://database.factgrid.de/wiki/Item:Q699759	2	stadtpfeifer																							
1400	1700	https://database.factgrid.de/wiki/Item:Q670893	2	seidenfärber																							
1400	1700	#biermann	2	biermann																							
1400	1700	https://database.factgrid.de/wiki/Item:Q699136	2	goldarbeiter																							
1400	1700	#spiegler	2	spiegler																							
1400	1700	https://database.factgrid.de/wiki/Item:Q38477	1	Lederkäufer																							
1400	1700	https://database.factgrid.de/wiki/Item:Q650700	1	trommelschläger																							
1400	1700	https://database.factgrid.de/wiki/Item:Q670909	1	wollfärber																							
1400	1700	https://database.factgrid.de/wiki/Item:Q675670	1	gipser																							
1400	1700	https://database.factgrid.de/wiki/Item:Q672068	1	handschuhlismer																							
1400	1700	https://database.factgrid.de/wiki/Item:Q661600	1	bürstenbinder																							
1400	1700	#herbergmeister	1	herbergmeister																							
1400	1700	#brotmeister	1	brotmeister																							
1400	1700	https://database.factgrid.de/wiki/Item:Q672745	1	braumeister																							
1400	1700	#zugknecht	1	zugknecht																							
1400	1700	#fasswäscher	1	fasswäscher																							
1400	1700	#mehlmesser	1	mehlmesser																							
1400	1700	https://database.factgrid.de/wiki/Item:Q659168	1	rektor																							
1400	1700	#briefer	1	briefer																							
1400	1700	https://database.factgrid.de/wiki/Item:Q684771 https://database.factgrid.de/wiki/Item:Q684772 https://database.factgrid.de/wiki/Item:Q683132	1	biermacher																							
1400	1700	#pflegerherr	1	pflegerherr																							
1400	1700	#ballenmeister	1	ballenmeister																							
1400	1700	#konventschwester	1	konventschwester																							
1400	1700	https://database.factgrid.de/wiki/Item:Q661676	1	büchsenschäfter																							
1400	1700	https://database.factgrid.de/wiki/Item:Q665778	1	windenmacher																							
1400	1700	https://database.factgrid.de/wiki/Item:Q683228	1	materialist																							
1400	1700	https://database.factgrid.de/wiki/Item:Q684100	1	gewandhändler																							
1400	1700	https://database.factgrid.de/wiki/Item:Q665884	1	uhrenmacher																							
1400	1700	https://database.factgrid.de/wiki/Item:Q670841 https://database.factgrid.de/wiki/Item:Q662048	1	bleicher																							
1400	1700	https://database.factgrid.de/wiki/Item:Q672576	1	biersieder																							
1400	1700	#steinschmieder	1	steinschmieder																							
1400	1700	https://database.factgrid.de/wiki/Item:Q694686	1	kirchenpfleger																							
1400	1700	https://database.factgrid.de/wiki/Item:Q684780	1	habermelber																							
1400	1700	https://database.factgrid.de/wiki/Item:Q663646	1	nagelschmied																							
1400	1700	https://database.factgrid.de/wiki/Item:Q689884	1	hofschreiber																							
1400	1700	https://database.factgrid.de/wiki/Item:Q694508	1	Laienbruder																							
1400	1700	https://database.factgrid.de/wiki/Item:Q659860	1	salzverwalter																							
1400	1700	https://database.factgrid.de/wiki/Item:Q694281	1	Theologe																							
1400	1700	https://database.factgrid.de/wiki/Item:Q661617	1	korbmacher																							
1400	1700	https://database.factgrid.de/wiki/Item:Q38816	1	Burgvogt																							
1400	1700	https://database.factgrid.de/wiki/Item:Q673143	1	zuckerbeck																							
1400	1700	https://database.factgrid.de/wiki/Item:Q657687	1	rossbereiter																							
1400	1700	https://database.factgrid.de/wiki/Item:Q162694	1	Feldtrompeter																							
1400	1700	https://database.factgrid.de/wiki/Item:Q688894	1	Doktor des Rechts																							
1400	1700	https://database.factgrid.de/wiki/Item:Q691615	1	pfalzgraf																							
1400	1700	#gewerbsmann	1	gewerbsmann																							
1400	1700	https://database.factgrid.de/wiki/Item:Q657292	1	viehtreiber																							
1400	1700	https://database.factgrid.de/wiki/Item:Q691169	1	reichsvogt																							
1400	1700	https://database.factgrid.de/wiki/Item:Q684679	1	backwarenhändler																							
1400	1700	#weber	318	weber	Weber	Textil																					
1400	1700	#hafner	103	hafner	Spinnwettern	Steine																					
1400	1700	#gebrüder	38	gebrüder																							
1400	1700	#unterkäufer	33	unterkäufer																							
1400	1700	#kaufhausschreiber	32	kaufhausschreiber	Freie Berufe	Schreiber																					
1400	1700	#käufer	20	käufer																							
1400	1700	#stadtsöldner	16	stadtsöldner	Andere	Militär																					
1400	1700	#Bläser	12	Bläser																							
1400	1700	#bruder	12	bruder																							
1400	1700	#bürger	11	bürger																							
1400	1700	#beisitzer	10	beisitzer																							
1400	1700	#flegler	10	flegler																							
1400	1700	#Sergenweber	9	Sergenweber																							
1400	1700	#Käufer	9	Käufer																							
1400	1700	#gastgeber	8	gastgeber																							
1400	1700	#Bürger	7	Bürger																							
1400	1700	#freier	7	freier																							
1400	1700	#Kaplan Und Baumeister	6	Kaplan Und Baumeister	Freie Berufe	Geistliche																					
1400	1700	#Stadtbote	6	Stadtbote	Verwaltung	Boten																					
1400	1700	#Student	6	Student																							
1400	1700	#verkäufer	5	verkäufer																							
1400	1700	#schaffner des predigerklosters	5	schaffner des predigerklosters	Verwaltung	Verwaltung																					
1400	1700	#sohn	5	sohn																							
1400	1700	#Weinsticher	5	Weinsticher	Weinleuten	Handel																					
1400	1700	#Unterkäufer	5	Unterkäufer																							
1400	1700	#Gold-Münzmeister	4	Gold-Münzmeister	Hausgenossen	Metall																					
1400	1700	#Läufer	4	Läufer																							
1400	1700	#Presenzer	4	Presenzer																							
1400	1700	#Stiftherr	4	Stiftherr	Freie Berufe	Geistliche																					
1400	1700	#Ratsherr	4	Ratsherr	Politisches Amt	Politisches Amt																					
1400	1700	#Burgmeister	4	Burgmeister	Politisches Amt	Politisches Amt																					
1400	1700	#Bischofshof-Notar	4	Bischofshof-Notar	Freie Berufe	Gelehrte																					